LlaveUnion;id;departamento;municipio
Amazonas;1;Amazonas;Puerto Alegría
Amazonas;1;Amazonas;Mirití - Paraná
Amazonas;1;Amazonas;Puerto Nariño
Amazonas;1;Amazonas;Puerto Santander
Amazonas;1;Amazonas;La Victoria
Amazonas;1;Amazonas;El Encanto
Amazonas;1;Amazonas;Leticia
Amazonas;1;Amazonas;Tarapacá
Amazonas;1;Amazonas;La Chorrera
Amazonas;1;Amazonas;La Pedrera
Amazonas;1;Amazonas;Puerto Arica
Antioquia;2;Antioquia;San Luis
Antioquia;2;Antioquia;San Pedro De Los Milagros
Antioquia;2;Antioquia;San Juan De Urabá
Antioquia;2;Antioquia;San Jerónimo
Antioquia;2;Antioquia;San Pedro De Urabá
Antioquia;2;Antioquia;San José De La Montaña
Antioquia;2;Antioquia;San Rafael
Antioquia;2;Antioquia;Santo Domingo
Antioquia;2;Antioquia;Santa Rosa De Osos
Antioquia;2;Antioquia;El Santuario
Antioquia;2;Antioquia;Santa Bárbara
Antioquia;2;Antioquia;San Roque
Antioquia;2;Antioquia;San Francisco
Antioquia;2;Antioquia;San Vicente Ferrer
Antioquia;2;Antioquia;Salgar
Antioquia;2;Antioquia;Puerto Berrío
Antioquia;2;Antioquia;Pueblorrico
Antioquia;2;Antioquia;Anzá
Antioquia;2;Antioquia;Peque
Antioquia;2;Antioquia;Olaya
Antioquia;2;Antioquia;Puerto Triunfo
Antioquia;2;Antioquia;Peñol
Antioquia;2;Antioquia;Remedios
Antioquia;2;Antioquia;Segovia
Antioquia;2;Antioquia;Sabaneta
Antioquia;2;Antioquia;San Andrés De Cuerquía
Antioquia;2;Antioquia;Sabanalarga
Antioquia;2;Antioquia;Retiro
Antioquia;2;Antioquia;San Carlos
Antioquia;2;Antioquia;Rionegro
Antioquia;2;Antioquia;Valdivia
Antioquia;2;Antioquia;Anorí
Antioquia;2;Antioquia;Santa Fé De Antioquia
Antioquia;2;Antioquia;Angostura
Antioquia;2;Antioquia;Zaragoza
Antioquia;2;Antioquia;Yolombó
Antioquia;2;Antioquia;Angelópolis
Antioquia;2;Antioquia;Sonsón
Antioquia;2;Antioquia;Andes
Antioquia;2;Antioquia;Abejorral
Antioquia;2;Antioquia;Abriaquí
Antioquia;2;Antioquia;Medellín
Antioquia;2;Antioquia;Alejandría
Antioquia;2;Antioquia;Amalfi
Antioquia;2;Antioquia;Yarumal
Antioquia;2;Antioquia;Amagá
Antioquia;2;Antioquia;Yondó
Antioquia;2;Antioquia;Titiribí
Antioquia;2;Antioquia;Tarso
Antioquia;2;Antioquia;Toledo
Antioquia;2;Antioquia;Tarazá
Antioquia;2;Antioquia;Sopetrán
Antioquia;2;Antioquia;Turbo
Antioquia;2;Antioquia;Támesis
Antioquia;2;Antioquia;Uramita
Antioquia;2;Antioquia;Venecia
Antioquia;2;Antioquia;Vegachí
Antioquia;2;Antioquia;Vigía Del Fuerte
Antioquia;2;Antioquia;Valparaíso
Antioquia;2;Antioquia;Urrao
Antioquia;2;Antioquia;Yalí
Antioquia;2;Antioquia;Nechí
Antioquia;2;Antioquia;Puerto Nare
Antioquia;2;Antioquia;Carepa
Antioquia;2;Antioquia;El Carmen De Viboral
Antioquia;2;Antioquia;Caramanta
Antioquia;2;Antioquia;Cañasgordas
Antioquia;2;Antioquia;Carolina
Antioquia;2;Antioquia;Caracolí
Antioquia;2;Antioquia;Caucasia
Antioquia;2;Antioquia;Concordia
Antioquia;2;Antioquia;Concepción
Antioquia;2;Antioquia;Copacabana
Antioquia;2;Antioquia;Cocorná
Antioquia;2;Antioquia;Chigorodó
Antioquia;2;Antioquia;Campamento
Antioquia;2;Antioquia;Cisneros
Antioquia;2;Antioquia;Cáceres
Antioquia;2;Antioquia;Barbosa
Antioquia;2;Antioquia;Armenia
Antioquia;2;Antioquia;Belmira
Antioquia;2;Antioquia;Argelia
Antioquia;2;Antioquia;Apartadó
Antioquia;2;Antioquia;Bello
Antioquia;2;Antioquia;Arboletes
Antioquia;2;Antioquia;Betania
Antioquia;2;Antioquia;Dabeiba
Antioquia;2;Antioquia;Buriticá
Antioquia;2;Antioquia;Caicedo
Antioquia;2;Antioquia;Briceño
Antioquia;2;Antioquia;Betulia
Antioquia;2;Antioquia;Caldas
Antioquia;2;Antioquia;Necoclí
Antioquia;2;Antioquia;Ciudad Bolívar
Antioquia;2;Antioquia;La Estrella
Antioquia;2;Antioquia;La Ceja
Antioquia;2;Antioquia;La Pintada
Antioquia;2;Antioquia;Jericó
Antioquia;2;Antioquia;Ituango
Antioquia;2;Antioquia;La Unión
Antioquia;2;Antioquia;Jardín
Antioquia;2;Antioquia;Liborina
Antioquia;2;Antioquia;Donmatías
Antioquia;2;Antioquia;Mutatá
Antioquia;2;Antioquia;Nariño
Antioquia;2;Antioquia;Montebello
Antioquia;2;Antioquia;Maceo
Antioquia;2;Antioquia;Itagüí
Antioquia;2;Antioquia;Marinilla
Antioquia;2;Antioquia;Murindó
Antioquia;2;Antioquia;Guadalupe
Antioquia;2;Antioquia;Hispania
Antioquia;2;Antioquia;Giraldo
Antioquia;2;Antioquia;Frontino
Antioquia;2;Antioquia;Envigado
Antioquia;2;Antioquia;Girardota
Antioquia;2;Antioquia;Entrerríos
Antioquia;2;Antioquia;Gómez Plata
Antioquia;2;Antioquia;Guatapé
Antioquia;2;Antioquia;Guarne
Antioquia;2;Antioquia;Heliconia
Antioquia;2;Antioquia;Ebéjico
Antioquia;2;Antioquia;Granada
Antioquia;2;Antioquia;Fredonia
Antioquia;2;Antioquia;El Bagre
Arauca;3;Arauca;Puerto Rondón
Arauca;3;Arauca;Arauquita
Arauca;3;Arauca;Arauca
Arauca;3;Arauca;Tame
Arauca;3;Arauca;Cravo Norte
Arauca;3;Arauca;Fortul
Arauca;3;Arauca;Saravena
Archipiélago De San Andrés, Providencia Y Santa Catalina;4;Archipiélago De San Andrés, Providencia Y Santa Catalina;Providencia
Archipiélago De San Andrés, Providencia Y Santa Catalina;4;Archipiélago De San Andrés, Providencia Y Santa Catalina;San Andrés
Atlántico;5;Atlántico;Polonuevo
Atlántico;5;Atlántico;Palmar De Varela
Atlántico;5;Atlántico;Piojó
Atlántico;5;Atlántico;Ponedera
Atlántico;5;Atlántico;Puerto Colombia
Atlántico;5;Atlántico;Santa Lucía
Atlántico;5;Atlántico;Santo Tomás
Atlántico;5;Atlántico;Sabanalarga
Atlántico;5;Atlántico;Repelón
Atlántico;5;Atlántico;Manatí
Atlántico;5;Atlántico;Sabanagrande
Atlántico;5;Atlántico;Juan De Acosta
Atlántico;5;Atlántico;Malambo
Atlántico;5;Atlántico;Barranquilla
Atlántico;5;Atlántico;Baranoa
Atlántico;5;Atlántico;Usiacurí
Atlántico;5;Atlántico;Tubará
Atlántico;5;Atlántico;Campo De La Cruz
Atlántico;5;Atlántico;Soledad
Atlántico;5;Atlántico;Luruaco
Atlántico;5;Atlántico;Suan
Atlántico;5;Atlántico;Galapa
Atlántico;5;Atlántico;Candelaria
Bogotá, D.C.;6;Bogotá, D.C.;Bogotá, D.C.
Bolívar;7;Bolívar;Santa Rosa Del Sur
Bolívar;7;Bolívar;Simití
Bolívar;7;Bolívar;Soplaviento
Bolívar;7;Bolívar;Santa Rosa
Bolívar;7;Bolívar;Santa Catalina
Bolívar;7;Bolívar;Zambrano
Bolívar;7;Bolívar;Villanueva
Bolívar;7;Bolívar;San Martín De Loba
Bolívar;7;Bolívar;Turbaná
Bolívar;7;Bolívar;Tiquisio
Bolívar;7;Bolívar;Talaigua Nuevo
Bolívar;7;Bolívar;Turbaco
Bolívar;7;Bolívar;San Pablo
Bolívar;7;Bolívar;Córdoba
Bolívar;7;Bolívar;Clemencia
Bolívar;7;Bolívar;Cicuco
Bolívar;7;Bolívar;El Carmen De Bolívar
Bolívar;7;Bolívar;El Peñón
Bolívar;7;Bolívar;San Juan Nepomuceno
Bolívar;7;Bolívar;El Guamo
Bolívar;7;Bolívar;Calamar
Bolívar;7;Bolívar;Achí
Bolívar;7;Bolívar;Altos Del Rosario
Bolívar;7;Bolívar;Cartagena De Indias
Bolívar;7;Bolívar;Arenal
Bolívar;7;Bolívar;Barranco De Loba
Bolívar;7;Bolívar;Hatillo De Loba
Bolívar;7;Bolívar;Arroyohondo
Bolívar;7;Bolívar;Arjona
Bolívar;7;Bolívar;Cantagallo
Bolívar;7;Bolívar;Río Viejo
Bolívar;7;Bolívar;San Cristóbal
Bolívar;7;Bolívar;Regidor
Bolívar;7;Bolívar;San Estanislao
Bolívar;7;Bolívar;San Jacinto Del Cauca
Bolívar;7;Bolívar;Pinillos
Bolívar;7;Bolívar;Magangué
Bolívar;7;Bolívar;San Fernando
Bolívar;7;Bolívar;San Jacinto
Bolívar;7;Bolívar;Margarita
Bolívar;7;Bolívar;Mahates
Bolívar;7;Bolívar;Norosí
Bolívar;7;Bolívar;María La Baja
Bolívar;7;Bolívar;Montecristo
Bolívar;7;Bolívar;Morales
Bolívar;7;Bolívar;Santa Cruz De Mompox
Boyacá;8;Boyacá;Santa María
Boyacá;8;Boyacá;San Pablo De Borbur
Boyacá;8;Boyacá;Santana
Boyacá;8;Boyacá;Santa Rosa De Viterbo
Boyacá;8;Boyacá;Siachoque
Boyacá;8;Boyacá;Soatá
Boyacá;8;Boyacá;Socotá
Boyacá;8;Boyacá;Puerto Boyacá
Boyacá;8;Boyacá;Sativanorte
Boyacá;8;Boyacá;Santa Sofía
Boyacá;8;Boyacá;Sativasur
Boyacá;8;Boyacá;San Mateo
Boyacá;8;Boyacá;Ramiriquí
Boyacá;8;Boyacá;Ráquira
Boyacá;8;Boyacá;Rondón
Boyacá;8;Boyacá;Quípama
Boyacá;8;Boyacá;Socha
Boyacá;8;Boyacá;Saboyá
Boyacá;8;Boyacá;San José De Pare
Boyacá;8;Boyacá;San Luis De Gaceno
Boyacá;8;Boyacá;San Eduardo
Boyacá;8;Boyacá;Sáchica
Boyacá;8;Boyacá;San Miguel De Sema
Boyacá;8;Boyacá;Samacá
Boyacá;8;Boyacá;Togüí
Boyacá;8;Boyacá;Tununguá
Boyacá;8;Boyacá;Turmequé
Boyacá;8;Boyacá;Tuta
Boyacá;8;Boyacá;Tota
Boyacá;8;Boyacá;Tópaga
Boyacá;8;Boyacá;Tutazá
Boyacá;8;Boyacá;Zetaquira
Boyacá;8;Boyacá;Pisba
Boyacá;8;Boyacá;Viracachá
Boyacá;8;Boyacá;Úmbita
Boyacá;8;Boyacá;Toca
Boyacá;8;Boyacá;Ventaquemada
Boyacá;8;Boyacá;Tipacoque
Boyacá;8;Boyacá;Sotaquirá
Boyacá;8;Boyacá;Susacón
Boyacá;8;Boyacá;Sutamarchán
Boyacá;8;Boyacá;Sora
Boyacá;8;Boyacá;Somondoco
Boyacá;8;Boyacá;Sutatenza
Boyacá;8;Boyacá;Tibasosa
Boyacá;8;Boyacá;Tinjacá
Boyacá;8;Boyacá;Tibaná
Boyacá;8;Boyacá;Tasco
Boyacá;8;Boyacá;Sogamoso
Boyacá;8;Boyacá;Tenza
Boyacá;8;Boyacá;Soracá
Boyacá;8;Boyacá;Coper
Boyacá;8;Boyacá;Cómbita
Boyacá;8;Boyacá;Firavitoba
Boyacá;8;Boyacá;Ciénega
Boyacá;8;Boyacá;Chita
Boyacá;8;Boyacá;Covarachía
Boyacá;8;Boyacá;Chitaraque
Boyacá;8;Boyacá;Chivatá
Boyacá;8;Boyacá;Cubará
Boyacá;8;Boyacá;El Cocuy
Boyacá;8;Boyacá;Duitama
Boyacá;8;Boyacá;El Espino
Boyacá;8;Boyacá;Tunja
Boyacá;8;Boyacá;Cucaita
Boyacá;8;Boyacá;Chiscas
Boyacá;8;Boyacá;Cuítiva
Boyacá;8;Boyacá;Chíquiza
Boyacá;8;Boyacá;Corrales
Boyacá;8;Boyacá;Betéitiva
Boyacá;8;Boyacá;Berbeo
Boyacá;8;Boyacá;Boavita
Boyacá;8;Boyacá;Belén
Boyacá;8;Boyacá;Almeida
Boyacá;8;Boyacá;Boyacá
Boyacá;8;Boyacá;Aquitania
Boyacá;8;Boyacá;Arcabuco
Boyacá;8;Boyacá;Briceño
Boyacá;8;Boyacá;Cerinza
Boyacá;8;Boyacá;Campohermoso
Boyacá;8;Boyacá;Chinavita
Boyacá;8;Boyacá;Pesca
Boyacá;8;Boyacá;Buenavista
Boyacá;8;Boyacá;Chiquinquirá
Boyacá;8;Boyacá;Busbanzá
Boyacá;8;Boyacá;Caldas
Boyacá;8;Boyacá;Chivor
Boyacá;8;Boyacá;Oicatá
Boyacá;8;Boyacá;Otanche
Boyacá;8;Boyacá;Floresta
Boyacá;8;Boyacá;Pachavita
Boyacá;8;Boyacá;Pajarito
Boyacá;8;Boyacá;Nuevo Colón
Boyacá;8;Boyacá;Paipa
Boyacá;8;Boyacá;Páez
Boyacá;8;Boyacá;Muzo
Boyacá;8;Boyacá;Maripí
Boyacá;8;Boyacá;Miraflores
Boyacá;8;Boyacá;Macanal
Boyacá;8;Boyacá;Mongua
Boyacá;8;Boyacá;Motavita
Boyacá;8;Boyacá;Panqueba
Boyacá;8;Boyacá;Moniquirá
Boyacá;8;Boyacá;Monguí
Boyacá;8;Boyacá;Nobsa
Boyacá;8;Boyacá;Guayatá
Boyacá;8;Boyacá;Guateque
Boyacá;8;Boyacá;Güicán De La Sierra
Boyacá;8;Boyacá;Iza
Boyacá;8;Boyacá;Guacamayas
Boyacá;8;Boyacá;Gachantivá
Boyacá;8;Boyacá;Pauna
Boyacá;8;Boyacá;Gámeza
Boyacá;8;Boyacá;Garagoa
Boyacá;8;Boyacá;Jenesano
Boyacá;8;Boyacá;Villa De Leyva
Boyacá;8;Boyacá;La Uvita
Boyacá;8;Boyacá;Paz De Río
Boyacá;8;Boyacá;Paya
Boyacá;8;Boyacá;La Victoria
Boyacá;8;Boyacá;Labranzagrande
Boyacá;8;Boyacá;Jericó
Boyacá;8;Boyacá;La Capilla
Caldas;9;Caldas;Villamaría
Caldas;9;Caldas;Victoria
Caldas;9;Caldas;Viterbo
Caldas;9;Caldas;Marmato
Caldas;9;Caldas;La Dorada
Caldas;9;Caldas;Filadelfia
Caldas;9;Caldas;Chinchiná
Caldas;9;Caldas;La Merced
Caldas;9;Caldas;Manzanares
Caldas;9;Caldas;Belalcázar
Caldas;9;Caldas;Aguadas
Caldas;9;Caldas;Manizales
Caldas;9;Caldas;Marquetalia
Caldas;9;Caldas;Anserma
Caldas;9;Caldas;Aranzazu
Caldas;9;Caldas;Marulanda
Caldas;9;Caldas;Salamina
Caldas;9;Caldas;Risaralda
Caldas;9;Caldas;Riosucio
Caldas;9;Caldas;Samaná
Caldas;9;Caldas;San José
Caldas;9;Caldas;Pensilvania
Caldas;9;Caldas;Norcasia
Caldas;9;Caldas;Neira
Caldas;9;Caldas;Supía
Caldas;9;Caldas;Pácora
Caldas;9;Caldas;Palestina
Caquetá;10;Caquetá;Curillo
Caquetá;10;Caquetá;San José Del Fragua
Caquetá;10;Caquetá;Puerto Rico
Caquetá;10;Caquetá;San Vicente Del Caguán
Caquetá;10;Caquetá;Morelia
Caquetá;10;Caquetá;Valparaíso
Caquetá;10;Caquetá;Solano
Caquetá;10;Caquetá;Milán
Caquetá;10;Caquetá;La Montañita
Caquetá;10;Caquetá;Albania
Caquetá;10;Caquetá;Solita
Caquetá;10;Caquetá;Florencia
Caquetá;10;Caquetá;Belén De Los Andaquíes
Caquetá;10;Caquetá;El Paujíl
Caquetá;10;Caquetá;Cartagena Del Chairá
Caquetá;10;Caquetá;El Doncello
Casanare;11;Casanare;Támara
Casanare;11;Casanare;Villanueva
Casanare;11;Casanare;Tauramena
Casanare;11;Casanare;San Luis De Palenque
Casanare;11;Casanare;Trinidad
Casanare;11;Casanare;Hato Corozal
Casanare;11;Casanare;La Salina
Casanare;11;Casanare;Chámeza
Casanare;11;Casanare;Yopal
Casanare;11;Casanare;Monterrey
Casanare;11;Casanare;Aguazul
Casanare;11;Casanare;Nunchía
Casanare;11;Casanare;Recetor
Casanare;11;Casanare;Sabanalarga
Casanare;11;Casanare;Pore
Casanare;11;Casanare;Orocué
Casanare;11;Casanare;Sácama
Casanare;11;Casanare;Paz De Ariporo
Casanare;11;Casanare;Maní
Cauca;12;Cauca;Padilla
Cauca;12;Cauca;Toribío
Cauca;12;Cauca;Morales
Cauca;12;Cauca;Páez
Cauca;12;Cauca;Piamonte
Cauca;12;Cauca;Guachené
Cauca;12;Cauca;Silvia
Cauca;12;Cauca;Mercaderes
Cauca;12;Cauca;Inzá
Cauca;12;Cauca;Jambaló
Cauca;12;Cauca;Guapi
Cauca;12;Cauca;La Sierra
Cauca;12;Cauca;López De Micay
Cauca;12;Cauca;Piendamó - Tunía
Cauca;12;Cauca;Buenos Aires
Cauca;12;Cauca;La Vega
Cauca;12;Cauca;Miranda
Cauca;12;Cauca;Timbiquí
Cauca;12;Cauca;Timbío
Cauca;12;Cauca;Popayán
Cauca;12;Cauca;Sucre
Cauca;12;Cauca;Sotará - Paispamba
Cauca;12;Cauca;Almaguer
Cauca;12;Cauca;Suárez
Cauca;12;Cauca;Argelia
Cauca;12;Cauca;Rosas
Cauca;12;Cauca;San Sebastián
Cauca;12;Cauca;Puracé
Cauca;12;Cauca;Santander De Quilichao
Cauca;12;Cauca;Balboa
Cauca;12;Cauca;Puerto Tejada
Cauca;12;Cauca;Bolívar
Cauca;12;Cauca;Santa Rosa
Cauca;12;Cauca;Patía
Cauca;12;Cauca;Villa Rica
Cauca;12;Cauca;Caldono
Cauca;12;Cauca;Florencia
Cauca;12;Cauca;Cajibío
Cauca;12;Cauca;Totoró
Cauca;12;Cauca;Caloto
Cauca;12;Cauca;El Tambo
Cauca;12;Cauca;Corinto
Cesar;13;Cesar;Curumaní
Cesar;13;Cesar;El Paso
Cesar;13;Cesar;El Copey
Cesar;13;Cesar;Chimichagua
Cesar;13;Cesar;Aguachica
Cesar;13;Cesar;Gamarra
Cesar;13;Cesar;Valledupar
Cesar;13;Cesar;Agustín Codazzi
Cesar;13;Cesar;Becerril
Cesar;13;Cesar;Bosconia
Cesar;13;Cesar;Astrea
Cesar;13;Cesar;Chiriguaná
Cesar;13;Cesar;San Alberto
Cesar;13;Cesar;La Paz
Cesar;13;Cesar;San Diego
Cesar;13;Cesar;Tamalameque
Cesar;13;Cesar;González
Cesar;13;Cesar;San Martín
Cesar;13;Cesar;Río De Oro
Cesar;13;Cesar;La Jagua De Ibirico
Cesar;13;Cesar;La Gloria
Cesar;13;Cesar;Manaure Balcón Del Cesar
Cesar;13;Cesar;Pelaya
Cesar;13;Cesar;Pueblo Bello
Cesar;13;Cesar;Pailitas
Chocó;14;Chocó;Unguía
Chocó;14;Chocó;El Carmen De Atrato
Chocó;14;Chocó;Carmen Del Darién
Chocó;14;Chocó;El Cantón Del San Pablo
Chocó;14;Chocó;Cértegui
Chocó;14;Chocó;Unión Panamericana
Chocó;14;Chocó;Bojayá
Chocó;14;Chocó;Condoto
Chocó;14;Chocó;Bajo Baudó
Chocó;14;Chocó;Acandí
Chocó;14;Chocó;Alto Baudó
Chocó;14;Chocó;Quibdó
Chocó;14;Chocó;Atrato
Chocó;14;Chocó;Bahía Solano
Chocó;14;Chocó;El Litoral Del San Juan
Chocó;14;Chocó;Bagadó
Chocó;14;Chocó;Nuevo Belén De Bajirá
Chocó;14;Chocó;Río Quito
Chocó;14;Chocó;Río Iró
Chocó;14;Chocó;Riosucio
Chocó;14;Chocó;Sipí
Chocó;14;Chocó;Nuquí
Chocó;14;Chocó;San José Del Palmar
Chocó;14;Chocó;Tadó
Chocó;14;Chocó;Lloró
Chocó;14;Chocó;Medio Atrato
Chocó;14;Chocó;Juradó
Chocó;14;Chocó;Medio Baudó
Chocó;14;Chocó;Nóvita
Chocó;14;Chocó;Istmina
Chocó;14;Chocó;Medio San Juan
Córdoba;15;Córdoba;Purísima De La Concepción
Córdoba;15;Córdoba;Lorica
Córdoba;15;Córdoba;La Apartada
Córdoba;15;Córdoba;Los Córdobas
Córdoba;15;Córdoba;Montelíbano
Córdoba;15;Córdoba;Ciénaga De Oro
Córdoba;15;Córdoba;Momil
Córdoba;15;Córdoba;Chinú
Córdoba;15;Córdoba;Ayapel
Córdoba;15;Córdoba;Buenavista
Córdoba;15;Córdoba;Montería
Córdoba;15;Córdoba;Canalete
Córdoba;15;Córdoba;Chimá
Córdoba;15;Córdoba;Moñitos
Córdoba;15;Córdoba;Cereté
Córdoba;15;Córdoba;Cotorra
Córdoba;15;Córdoba;San José De Uré
Córdoba;15;Córdoba;San Pelayo
Córdoba;15;Córdoba;Planeta Rica
Córdoba;15;Córdoba;Tierralta
Córdoba;15;Córdoba;Valencia
Córdoba;15;Córdoba;San Bernardo Del Viento
Córdoba;15;Córdoba;Tuchín
Córdoba;15;Córdoba;San Carlos
Córdoba;15;Córdoba;Pueblo Nuevo
Córdoba;15;Córdoba;Puerto Libertador
Córdoba;15;Córdoba;San Antero
Córdoba;15;Córdoba;Puerto Escondido
Córdoba;15;Córdoba;San Andrés De Sotavento
Córdoba;15;Córdoba;Sahagún
Cundinamarca;16;Cundinamarca;Topaipí
Cundinamarca;16;Cundinamarca;Villa De San Diego De Ubaté
Cundinamarca;16;Cundinamarca;Ubalá
Cundinamarca;16;Cundinamarca;Tocancipá
Cundinamarca;16;Cundinamarca;Tibacuy
Cundinamarca;16;Cundinamarca;Tenjo
Cundinamarca;16;Cundinamarca;Tena
Cundinamarca;16;Cundinamarca;Tocaima
Cundinamarca;16;Cundinamarca;Une
Cundinamarca;16;Cundinamarca;Tibirita
Cundinamarca;16;Cundinamarca;Ubaque
Cundinamarca;16;Cundinamarca;Zipacón
Cundinamarca;16;Cundinamarca;Yacopí
Cundinamarca;16;Cundinamarca;Viotá
Cundinamarca;16;Cundinamarca;Zipaquirá
Cundinamarca;16;Cundinamarca;Tausa
Cundinamarca;16;Cundinamarca;Villeta
Cundinamarca;16;Cundinamarca;Vianí
Cundinamarca;16;Cundinamarca;Vergara
Cundinamarca;16;Cundinamarca;Útica
Cundinamarca;16;Cundinamarca;Villagómez
Cundinamarca;16;Cundinamarca;Villapinzón
Cundinamarca;16;Cundinamarca;Fusagasugá
Cundinamarca;16;Cundinamarca;Fúquene
Cundinamarca;16;Cundinamarca;Funza
Cundinamarca;16;Cundinamarca;Gachalá
Cundinamarca;16;Cundinamarca;Junín
Cundinamarca;16;Cundinamarca;Fosca
Cundinamarca;16;Cundinamarca;El Rosal
Cundinamarca;16;Cundinamarca;El Peñón
Cundinamarca;16;Cundinamarca;Gachetá
Cundinamarca;16;Cundinamarca;Facatativá
Cundinamarca;16;Cundinamarca;Fómeque
Cundinamarca;16;Cundinamarca;Gama
Cundinamarca;16;Cundinamarca;Guayabetal
Cundinamarca;16;Cundinamarca;Guayabal De Síquima
Cundinamarca;16;Cundinamarca;Guatavita
Cundinamarca;16;Cundinamarca;Gutiérrez
Cundinamarca;16;Cundinamarca;Jerusalén
Cundinamarca;16;Cundinamarca;Guataquí
Cundinamarca;16;Cundinamarca;Granada
Cundinamarca;16;Cundinamarca;Girardot
Cundinamarca;16;Cundinamarca;El Colegio
Cundinamarca;16;Cundinamarca;Guachetá
Cundinamarca;16;Cundinamarca;Guaduas
Cundinamarca;16;Cundinamarca;Gachancipá
Cundinamarca;16;Cundinamarca;Bituima
Cundinamarca;16;Cundinamarca;Beltrán
Cundinamarca;16;Cundinamarca;Arbeláez
Cundinamarca;16;Cundinamarca;Bojacá
Cundinamarca;16;Cundinamarca;Cabrera
Cundinamarca;16;Cundinamarca;Anolaima
Cundinamarca;16;Cundinamarca;Agua De Dios
Cundinamarca;16;Cundinamarca;Tabio
Cundinamarca;16;Cundinamarca;Cachipay
Cundinamarca;16;Cundinamarca;Albán
Cundinamarca;16;Cundinamarca;Anapoima
Cundinamarca;16;Cundinamarca;Cajicá
Cundinamarca;16;Cundinamarca;Chocontá
Cundinamarca;16;Cundinamarca;Choachí
Cundinamarca;16;Cundinamarca;Chipaque
Cundinamarca;16;Cundinamarca;Cogua
Cundinamarca;16;Cundinamarca;Cota
Cundinamarca;16;Cundinamarca;Chía
Cundinamarca;16;Cundinamarca;Cáqueza
Cundinamarca;16;Cundinamarca;Caparrapí
Cundinamarca;16;Cundinamarca;Cucunubá
Cundinamarca;16;Cundinamarca;Carmen De Carupa
Cundinamarca;16;Cundinamarca;Guasca
Cundinamarca;16;Cundinamarca;Chaguaní
Cundinamarca;16;Cundinamarca;San Cayetano
Cundinamarca;16;Cundinamarca;La Calera
Cundinamarca;16;Cundinamarca;San Francisco
Cundinamarca;16;Cundinamarca;San Juan De Rioseco
Cundinamarca;16;Cundinamarca;San Antonio Del Tequendama
Cundinamarca;16;Cundinamarca;Quipile
Cundinamarca;16;Cundinamarca;Quetame
Cundinamarca;16;Cundinamarca;Sasaima
Cundinamarca;16;Cundinamarca;Apulo
Cundinamarca;16;Cundinamarca;Ricaurte
Cundinamarca;16;Cundinamarca;Sesquilé
Cundinamarca;16;Cundinamarca;Supatá
Cundinamarca;16;Cundinamarca;Suesca
Cundinamarca;16;Cundinamarca;Subachoque
Cundinamarca;16;Cundinamarca;Susa
Cundinamarca;16;Cundinamarca;Sutatausa
Cundinamarca;16;Cundinamarca;Sopó
Cundinamarca;16;Cundinamarca;Silvania
Cundinamarca;16;Cundinamarca;Sibaté
Cundinamarca;16;Cundinamarca;Quebradanegra
Cundinamarca;16;Cundinamarca;Simijaca
Cundinamarca;16;Cundinamarca;Soacha
Cundinamarca;16;Cundinamarca;San Bernardo
Cundinamarca;16;Cundinamarca;Manta
Cundinamarca;16;Cundinamarca;Madrid
Cundinamarca;16;Cundinamarca;Machetá
Cundinamarca;16;Cundinamarca;Medina
Cundinamarca;16;Cundinamarca;Mosquera
Cundinamarca;16;Cundinamarca;Lenguazaque
Cundinamarca;16;Cundinamarca;La Mesa
Cundinamarca;16;Cundinamarca;Pulí
Cundinamarca;16;Cundinamarca;La Palma
Cundinamarca;16;Cundinamarca;La Vega
Cundinamarca;16;Cundinamarca;Nariño
Cundinamarca;16;Cundinamarca;La Peña
Cundinamarca;16;Cundinamarca;Nilo
Cundinamarca;16;Cundinamarca;Paratebueno
Cundinamarca;16;Cundinamarca;Pandi
Cundinamarca;16;Cundinamarca;Nemocón
Cundinamarca;16;Cundinamarca;Pasca
Cundinamarca;16;Cundinamarca;Puerto Salgar
Cundinamarca;16;Cundinamarca;Paime
Cundinamarca;16;Cundinamarca;Nocaima
Cundinamarca;16;Cundinamarca;Pacho
Cundinamarca;16;Cundinamarca;Nimaima
Cundinamarca;16;Cundinamarca;Venecia
Guainía;17;Guainía;Cacahual
Guainía;17;Guainía;Pana Pana
Guainía;17;Guainía;La Guadalupe
Guainía;17;Guainía;Morichal
Guainía;17;Guainía;Barrancominas
Guainía;17;Guainía;Inírida
Guainía;17;Guainía;Puerto Colombia
Guainía;17;Guainía;San Felipe
Guaviare;18;Guaviare;El Retorno
Guaviare;18;Guaviare;Miraflores
Guaviare;18;Guaviare;Calamar
Guaviare;18;Guaviare;San José Del Guaviare
Huila;19;Huila;Teruel
Huila;19;Huila;Hobo
Huila;19;Huila;Íquira
Huila;19;Huila;Guadalupe
Huila;19;Huila;Isnos
Huila;19;Huila;La Plata
Huila;19;Huila;Aipe
Huila;19;Huila;La Argentina
Huila;19;Huila;Garzón
Huila;19;Huila;Altamira
Huila;19;Huila;Baraya
Huila;19;Huila;Algeciras
Huila;19;Huila;Campoalegre
Huila;19;Huila;Elías
Huila;19;Huila;Nátaga
Huila;19;Huila;Colombia
Huila;19;Huila;Gigante
Huila;19;Huila;Timaná
Huila;19;Huila;Santa María
Huila;19;Huila;Villavieja
Huila;19;Huila;Tello
Huila;19;Huila;Tarqui
Huila;19;Huila;Yaguará
Huila;19;Huila;Tesalia
Huila;19;Huila;San Agustín
Huila;19;Huila;Suaza
Huila;19;Huila;Palestina
Huila;19;Huila;Paicol
Huila;19;Huila;Pital
Huila;19;Huila;Saladoblanco
Huila;19;Huila;Oporapa
Huila;19;Huila;Rivera
Huila;19;Huila;Pitalito
Huila;19;Huila;Palermo
Huila;19;Huila;Neiva
Huila;19;Huila;Agrado
Huila;19;Huila;Acevedo
La Guajira;20;La Guajira;Hatonuevo
La Guajira;20;La Guajira;Distracción
La Guajira;20;La Guajira;Fonseca
La Guajira;20;La Guajira;El Molino
La Guajira;20;La Guajira;Maicao
La Guajira;20;La Guajira;Uribia
La Guajira;20;La Guajira;Urumita
La Guajira;20;La Guajira;La Jagua Del Pilar
La Guajira;20;La Guajira;San Juan Del Cesar
La Guajira;20;La Guajira;Manaure
La Guajira;20;La Guajira;Barrancas
La Guajira;20;La Guajira;Dibulla
La Guajira;20;La Guajira;Riohacha
La Guajira;20;La Guajira;Villanueva
La Guajira;20;La Guajira;Albania
Magdalena;21;Magdalena;Aracataca
Magdalena;21;Magdalena;Algarrobo
Magdalena;21;Magdalena;Ariguaní
Magdalena;21;Magdalena;Ciénaga
Magdalena;21;Magdalena;Concordia
Magdalena;21;Magdalena;Cerro De San Antonio
Magdalena;21;Magdalena;Chivolo
Magdalena;21;Magdalena;Salamina
Magdalena;21;Magdalena;Santa Ana
Magdalena;21;Magdalena;Santa Bárbara De Pinto
Magdalena;21;Magdalena;San Zenón
Magdalena;21;Magdalena;San Sebastián De Buenavista
Magdalena;21;Magdalena;Sitionuevo
Magdalena;21;Magdalena;Santa Marta
Magdalena;21;Magdalena;Zona Bananera
Magdalena;21;Magdalena;Sabanas De San Ángel
Magdalena;21;Magdalena;Zapayán
Magdalena;21;Magdalena;Tenerife
Magdalena;21;Magdalena;Remolino
Magdalena;21;Magdalena;Fundación
Magdalena;21;Magdalena;Guamal
Magdalena;21;Magdalena;Nueva Granada
Magdalena;21;Magdalena;El Retén
Magdalena;21;Magdalena;El Piñón
Magdalena;21;Magdalena;Pedraza
Magdalena;21;Magdalena;Plato
Magdalena;21;Magdalena;Puebloviejo
Magdalena;21;Magdalena;El Banco
Magdalena;21;Magdalena;Pivijay
Magdalena;21;Magdalena;Pijiño Del Carmen
Meta;22;Meta;El Calvario
Meta;22;Meta;Fuente De Oro
Meta;22;Meta;El Dorado
Meta;22;Meta;Granada
Meta;22;Meta;Mapiripán
Meta;22;Meta;El Castillo
Meta;22;Meta;Guamal
Meta;22;Meta;Cumaral
Meta;22;Meta;Acacías
Meta;22;Meta;Villavicencio
Meta;22;Meta;Barranca De Upía
Meta;22;Meta;Cubarral
Meta;22;Meta;Mesetas
Meta;22;Meta;Cabuyaro
Meta;22;Meta;Castilla La Nueva
Meta;22;Meta;San Juan De Arama
Meta;22;Meta;La Macarena
Meta;22;Meta;San Juanito
Meta;22;Meta;Vistahermosa
Meta;22;Meta;Restrepo
Meta;22;Meta;San Martín
Meta;22;Meta;San Carlos De Guaroa
Meta;22;Meta;Puerto Rico
Meta;22;Meta;Puerto Concordia
Meta;22;Meta;Uribe
Meta;22;Meta;Lejanías
Meta;22;Meta;Puerto López
Meta;22;Meta;Puerto Lleras
Meta;22;Meta;Puerto Gaitán
Nariño;23;Nariño;Tangua
Nariño;23;Nariño;Taminango
Nariño;23;Nariño;Túquerres
Nariño;23;Nariño;San Andrés De Tumaco
Nariño;23;Nariño;Sapuyes
Nariño;23;Nariño;Yacuanquer
Nariño;23;Nariño;Sandoná
Nariño;23;Nariño;La Tola
Nariño;23;Nariño;Leiva
Nariño;23;Nariño;Los Andes
Nariño;23;Nariño;Santacruz
Nariño;23;Nariño;Linares
Nariño;23;Nariño;La Llanada
Nariño;23;Nariño;Imués
Nariño;23;Nariño;Iles
Nariño;23;Nariño;Ipiales
Nariño;23;Nariño;La Florida
Nariño;23;Nariño;Magüí
Nariño;23;Nariño;La Cruz
Nariño;23;Nariño;La Unión
Nariño;23;Nariño;Pupiales
Nariño;23;Nariño;Puerres
Nariño;23;Nariño;Ricaurte
Nariño;23;Nariño;Samaniego
Nariño;23;Nariño;Providencia
Nariño;23;Nariño;Roberto Payán
Nariño;23;Nariño;Potosí
Nariño;23;Nariño;Nariño
Nariño;23;Nariño;Olaya Herrera
Nariño;23;Nariño;Mosquera
Nariño;23;Nariño;Ospina
Nariño;23;Nariño;Policarpa
Nariño;23;Nariño;Mallama
Nariño;23;Nariño;Francisco Pizarro
Nariño;23;Nariño;Gualmatán
Nariño;23;Nariño;Arboleda
Nariño;23;Nariño;Ancuya
Nariño;23;Nariño;Barbacoas
Nariño;23;Nariño;Buesaco
Nariño;23;Nariño;Aldana
Nariño;23;Nariño;Belén
Nariño;23;Nariño;Albán
Nariño;23;Nariño;San Pedro De Cartago
Nariño;23;Nariño;San Pablo
Nariño;23;Nariño;Santa Bárbara
Nariño;23;Nariño;San Lorenzo
Nariño;23;Nariño;Pasto
Nariño;23;Nariño;Colón
Nariño;23;Nariño;San Bernardo
Nariño;23;Nariño;El Charco
Nariño;23;Nariño;El Tablón De Gómez
Nariño;23;Nariño;El Rosario
Nariño;23;Nariño;El Tambo
Nariño;23;Nariño;Guachucal
Nariño;23;Nariño;El Peñol
Nariño;23;Nariño;Funes
Nariño;23;Nariño;Guaitarilla
Nariño;23;Nariño;Córdoba
Nariño;23;Nariño;Cuaspud Carlosama
Nariño;23;Nariño;Contadero
Nariño;23;Nariño;Cumbal
Nariño;23;Nariño;Chachagüí
Nariño;23;Nariño;Consacá
Nariño;23;Nariño;Cumbitara
Norte De Santander;24;Norte De Santander;San Calixto
Norte De Santander;24;Norte De Santander;La Playa
Norte De Santander;24;Norte De Santander;La Esperanza
Norte De Santander;24;Norte De Santander;Los Patios
Norte De Santander;24;Norte De Santander;Labateca
Norte De Santander;24;Norte De Santander;Hacarí
Norte De Santander;24;Norte De Santander;Lourdes
Norte De Santander;24;Norte De Santander;Santiago
Norte De Santander;24;Norte De Santander;Mutiscua
Norte De Santander;24;Norte De Santander;Ragonvalia
Norte De Santander;24;Norte De Santander;Puerto Santander
Norte De Santander;24;Norte De Santander;Salazar
Norte De Santander;24;Norte De Santander;Pamplonita
Norte De Santander;24;Norte De Santander;Ocaña
Norte De Santander;24;Norte De Santander;Gramalote
Norte De Santander;24;Norte De Santander;Pamplona
Norte De Santander;24;Norte De Santander;Herrán
Norte De Santander;24;Norte De Santander;Bucarasica
Norte De Santander;24;Norte De Santander;Bochalema
Norte De Santander;24;Norte De Santander;Cácota
Norte De Santander;24;Norte De Santander;Arboledas
Norte De Santander;24;Norte De Santander;San José De Cúcuta
Norte De Santander;24;Norte De Santander;Cáchira
Norte De Santander;24;Norte De Santander;Ábrego
Norte De Santander;24;Norte De Santander;Chinácota
Norte De Santander;24;Norte De Santander;El Carmen
Norte De Santander;24;Norte De Santander;Durania
Norte De Santander;24;Norte De Santander;El Tarra
Norte De Santander;24;Norte De Santander;Cucutilla
Norte De Santander;24;Norte De Santander;Chitagá
Norte De Santander;24;Norte De Santander;El Zulia
Norte De Santander;24;Norte De Santander;Convención
Norte De Santander;24;Norte De Santander;San Cayetano
Norte De Santander;24;Norte De Santander;Sardinata
Norte De Santander;24;Norte De Santander;Toledo
Norte De Santander;24;Norte De Santander;Villa Del Rosario
Norte De Santander;24;Norte De Santander;Villa Caro
Norte De Santander;24;Norte De Santander;Tibú
Norte De Santander;24;Norte De Santander;Silos
Norte De Santander;24;Norte De Santander;Teorama
Putumayo;25;Putumayo;San Miguel
Putumayo;25;Putumayo;San Francisco
Putumayo;25;Putumayo;Valle Del Guamuez
Putumayo;25;Putumayo;Villagarzón
Putumayo;25;Putumayo;Santiago
Putumayo;25;Putumayo;Puerto Leguízamo
Putumayo;25;Putumayo;Sibundoy
Putumayo;25;Putumayo;Mocoa
Putumayo;25;Putumayo;Puerto Guzmán
Putumayo;25;Putumayo;Colón
Putumayo;25;Putumayo;Puerto Caicedo
Putumayo;25;Putumayo;Orito
Putumayo;25;Putumayo;Puerto Asís
Quindío;26;Quindío;La Tebaida
Quindío;26;Quindío;Génova
Quindío;26;Quindío;Salento
Quindío;26;Quindío;Quimbaya
Quindío;26;Quindío;Montenegro
Quindío;26;Quindío;Pijao
Quindío;26;Quindío;Filandia
Quindío;26;Quindío;Armenia
Quindío;26;Quindío;Córdoba
Quindío;26;Quindío;Buenavista
Quindío;26;Quindío;Circasia
Quindío;26;Quindío;Calarcá
Risaralda;27;Risaralda;Dosquebradas
Risaralda;27;Risaralda;Guática
Risaralda;27;Risaralda;Apía
Risaralda;27;Risaralda;La Virginia
Risaralda;27;Risaralda;Belén De Umbría
Risaralda;27;Risaralda;Balboa
Risaralda;27;Risaralda;La Celia
Risaralda;27;Risaralda;Santuario
Risaralda;27;Risaralda;Santa Rosa De Cabal
Risaralda;27;Risaralda;Marsella
Risaralda;27;Risaralda;Pereira
Risaralda;27;Risaralda;Quinchía
Risaralda;27;Risaralda;Mistrató
Risaralda;27;Risaralda;Pueblo Rico
Santander;28;Santander;Suratá
Santander;28;Santander;Sucre
Santander;28;Santander;Suaita
Santander;28;Santander;Socorro
Santander;28;Santander;Tona
Santander;28;Santander;Villanueva
Santander;28;Santander;Zapatoca
Santander;28;Santander;Simacota
Santander;28;Santander;Valle De San José
Santander;28;Santander;Vetas
Santander;28;Santander;Vélez
Santander;28;Santander;Coromoro
Santander;28;Santander;Matanza
Santander;28;Santander;Málaga
Santander;28;Santander;Mogotes
Santander;28;Santander;Macaravita
Santander;28;Santander;La Paz
Santander;28;Santander;Molagavita
Santander;28;Santander;Lebrija
Santander;28;Santander;Los Santos
Santander;28;Santander;Ocamonte
Santander;28;Santander;Piedecuesta
Santander;28;Santander;Páramo
Santander;28;Santander;Pinchote
Santander;28;Santander;Puente Nacional
Santander;28;Santander;Palmas Del Socorro
Santander;28;Santander;Oiba
Santander;28;Santander;Landázuri
Santander;28;Santander;Onzaga
Santander;28;Santander;Palmar
Santander;28;Santander;Girón
Santander;28;Santander;Floridablanca
Santander;28;Santander;Florián
Santander;28;Santander;Galán
Santander;28;Santander;Enciso
Santander;28;Santander;El Peñón
Santander;28;Santander;Gámbita
Santander;28;Santander;El Playón
Santander;28;Santander;Encino
Santander;28;Santander;Puerto Parra
Santander;28;Santander;Hato
Santander;28;Santander;Güepsa
Santander;28;Santander;Jesús María
Santander;28;Santander;Jordán
Santander;28;Santander;Guavatá
Santander;28;Santander;Guaca
Santander;28;Santander;La Belleza
Santander;28;Santander;Guadalupe
Santander;28;Santander;Guapotá
Santander;28;Santander;Carcasí
Santander;28;Santander;Aguada
Santander;28;Santander;Albania
Santander;28;Santander;Bucaramanga
Santander;28;Santander;Aratoca
Santander;28;Santander;Barrancabermeja
Santander;28;Santander;Rionegro
Santander;28;Santander;Barichara
Santander;28;Santander;Barbosa
Santander;28;Santander;Sabana De Torres
Santander;28;Santander;San Miguel
Santander;28;Santander;San José De Miranda
Santander;28;Santander;San Vicente De Chucurí
Santander;28;Santander;Santa Bárbara
Santander;28;Santander;San Joaquín
Santander;28;Santander;San Andrés
Santander;28;Santander;Betulia
Santander;28;Santander;San Benito
Santander;28;Santander;San Gil
Santander;28;Santander;Charta
Santander;28;Santander;Cimitarra
Santander;28;Santander;Concepción
Santander;28;Santander;Chipatá
Santander;28;Santander;Confines
Santander;28;Santander;El Carmen De Chucurí
Santander;28;Santander;Chima
Santander;28;Santander;Curití
Santander;28;Santander;Contratación
Santander;28;Santander;Puerto Wilches
Santander;28;Santander;Capitanejo
Santander;28;Santander;El Guacamayo
Santander;28;Santander;California
Santander;28;Santander;Cabrera
Santander;28;Santander;Cepitá
Santander;28;Santander;Charalá
Santander;28;Santander;Bolívar
Santander;28;Santander;Cerrito
Santander;28;Santander;Santa Helena Del Opón
Sucre;29;Sucre;Ovejas
Sucre;29;Sucre;Galeras
Sucre;29;Sucre;El Roble
Sucre;29;Sucre;Chalán
Sucre;29;Sucre;Guaranda
Sucre;29;Sucre;La Unión
Sucre;29;Sucre;Coveñas
Sucre;29;Sucre;Buenavista
Sucre;29;Sucre;Sincelejo
Sucre;29;Sucre;Caimito
Sucre;29;Sucre;Corozal
Sucre;29;Sucre;Los Palmitos
Sucre;29;Sucre;Colosó
Sucre;29;Sucre;Majagual
Sucre;29;Sucre;San Luis De Sincé
Sucre;29;Sucre;San Pedro
Sucre;29;Sucre;San Onofre
Sucre;29;Sucre;Sucre
Sucre;29;Sucre;Santiago De Tolú
Sucre;29;Sucre;San Marcos
Sucre;29;Sucre;Palmito
Sucre;29;Sucre;Morroa
Sucre;29;Sucre;Sampués
Sucre;29;Sucre;San Juan De Betulia
Sucre;29;Sucre;San José De Toluviejo
Sucre;29;Sucre;San Benito Abad
Tolima;30;Tolima;Coello
Tolima;30;Tolima;Piedras
Tolima;30;Tolima;Palocabildo
Tolima;30;Tolima;Planadas
Tolima;30;Tolima;Suárez
Tolima;30;Tolima;Ortega
Tolima;30;Tolima;Melgar
Tolima;30;Tolima;San Sebastián De Mariquita
Tolima;30;Tolima;Purificación
Tolima;30;Tolima;Murillo
Tolima;30;Tolima;Natagaima
Tolima;30;Tolima;Rioblanco
Tolima;30;Tolima;Villahermosa
Tolima;30;Tolima;Villarrica
Tolima;30;Tolima;Santa Isabel
Tolima;30;Tolima;Venadillo
Tolima;30;Tolima;Valle De San Juan
Tolima;30;Tolima;San Luis
Tolima;30;Tolima;Rovira
Tolima;30;Tolima;Roncesvalles
Tolima;30;Tolima;Líbano
Tolima;30;Tolima;Saldaña
Tolima;30;Tolima;San Antonio
Tolima;30;Tolima;Prado
Tolima;30;Tolima;Cajamarca
Tolima;30;Tolima;Ataco
Tolima;30;Tolima;Armero
Tolima;30;Tolima;Carmen De Apicalá
Tolima;30;Tolima;Casabianca
Tolima;30;Tolima;Anzoátegui
Tolima;30;Tolima;Alpujarra
Tolima;30;Tolima;Ibagué
Tolima;30;Tolima;Chaparral
Tolima;30;Tolima;Alvarado
Tolima;30;Tolima;Ambalema
Tolima;30;Tolima;Coyaima
Tolima;30;Tolima;Herveo
Tolima;30;Tolima;Guamo
Tolima;30;Tolima;Fresno
Tolima;30;Tolima;Honda
Tolima;30;Tolima;Icononzo
Tolima;30;Tolima;Flandes
Tolima;30;Tolima;Dolores
Tolima;30;Tolima;Cunday
Tolima;30;Tolima;Lérida
Tolima;30;Tolima;Espinal
Tolima;30;Tolima;Falan
Valle Del Cauca;31;Valle Del Cauca;Alcalá
Valle Del Cauca;31;Valle Del Cauca;Sevilla
Valle Del Cauca;31;Valle Del Cauca;Toro
Valle Del Cauca;31;Valle Del Cauca;San Pedro
Valle Del Cauca;31;Valle Del Cauca;Roldanillo
Valle Del Cauca;31;Valle Del Cauca;Trujillo
Valle Del Cauca;31;Valle Del Cauca;Versalles
Valle Del Cauca;31;Valle Del Cauca;Riofrío
Valle Del Cauca;31;Valle Del Cauca;Ulloa
Valle Del Cauca;31;Valle Del Cauca;Tuluá
Valle Del Cauca;31;Valle Del Cauca;Restrepo
Valle Del Cauca;31;Valle Del Cauca;Jamundí
Valle Del Cauca;31;Valle Del Cauca;La Cumbre
Valle Del Cauca;31;Valle Del Cauca;Guacarí
Valle Del Cauca;31;Valle Del Cauca;Ginebra
Valle Del Cauca;31;Valle Del Cauca;La Unión
Valle Del Cauca;31;Valle Del Cauca;Palmira
Valle Del Cauca;31;Valle Del Cauca;Pradera
Valle Del Cauca;31;Valle Del Cauca;Santiago De Cali
Valle Del Cauca;31;Valle Del Cauca;Obando
Valle Del Cauca;31;Valle Del Cauca;La Victoria
Valle Del Cauca;31;Valle Del Cauca;Vijes
Valle Del Cauca;31;Valle Del Cauca;Buenaventura
Valle Del Cauca;31;Valle Del Cauca;Bolívar
Valle Del Cauca;31;Valle Del Cauca;Yotoco
Valle Del Cauca;31;Valle Del Cauca;Bugalagrande
Valle Del Cauca;31;Valle Del Cauca;Argelia
Valle Del Cauca;31;Valle Del Cauca;Florida
Valle Del Cauca;31;Valle Del Cauca;Caicedonia
Valle Del Cauca;31;Valle Del Cauca;Andalucía
Valle Del Cauca;31;Valle Del Cauca;Ansermanuevo
Valle Del Cauca;31;Valle Del Cauca;Guadalajara De Buga
Valle Del Cauca;31;Valle Del Cauca;Zarzal
Valle Del Cauca;31;Valle Del Cauca;El Dovio
Valle Del Cauca;31;Valle Del Cauca;Yumbo
Valle Del Cauca;31;Valle Del Cauca;Calima
Valle Del Cauca;31;Valle Del Cauca;El Cerrito
Valle Del Cauca;31;Valle Del Cauca;Cartago
Valle Del Cauca;31;Valle Del Cauca;Candelaria
Valle Del Cauca;31;Valle Del Cauca;Dagua
Valle Del Cauca;31;Valle Del Cauca;El Cairo
Valle Del Cauca;31;Valle Del Cauca;El Águila
Vaupés;32;Vaupés;Papunahua
Vaupés;32;Vaupés;Yavaraté
Vaupés;32;Vaupés;Mitú
Vaupés;32;Vaupés;Carurú
Vaupés;32;Vaupés;Taraira
Vaupés;32;Vaupés;Pacoa
Vichada;33;Vichada;Cumaribo
Vichada;33;Vichada;Puerto Carreño
Vichada;33;Vichada;Santa Rosalía
Vichada;33;Vichada;La Primavera
